{"cameraMode":{"drawMode":0,"name":"Shaded","section":"Shading Mode"},"sceneLighting":false,"audioPlay":false,"sceneViewState":{"m_AlwaysRefresh":false,"showFog":true,"showSkybox":false,"showFlares":true,"showImageEffects":true,"showParticleSystems":true,"showVisualEffectGraphs":true,"m_FxEnabled":true},"in2DMode":false,"pivot":{"x":0.04826789349317551,"y":-1.6246607303619385,"z":1.7444541454315186},"rotation":{"x":-0.17016908526420594,"y":0.0023706452921032907,"z":-0.0004202198761049658,"w":-0.9854278564453125},"size":7.334975719451904,"orthographic":false}