{"cameraMode":{"drawMode":0,"name":"Shaded","section":"Shading Mode"},"sceneLighting":false,"audioPlay":false,"sceneViewState":{"m_AlwaysRefresh":false,"showFog":true,"showSkybox":false,"showFlares":true,"showImageEffects":true,"showParticleSystems":true,"showVisualEffectGraphs":true,"m_FxEnabled":true},"in2DMode":false,"pivot":{"x":-1.1920928955078126e-7,"y":6.099999904632568,"z":2.384185791015625e-7},"rotation":{"x":0.049480535089969638,"y":0.004806753247976303,"z":-0.00024907669285312295,"w":0.9987506866455078},"size":2.270538568496704,"orthographic":false}