{"cameraMode":{"drawMode":0,"name":"Shaded","section":"Shading Mode"},"sceneLighting":false,"audioPlay":false,"sceneViewState":{"m_AlwaysRefresh":false,"showFog":true,"showSkybox":false,"showFlares":true,"showImageEffects":true,"showParticleSystems":true,"showVisualEffectGraphs":true,"m_FxEnabled":true},"in2DMode":false,"pivot":{"x":0.010825395584106446,"y":-0.04334151744842529,"z":0.0176163911819458},"rotation":{"x":0.049480535089969638,"y":0.004806753247976303,"z":-0.00024907669285312295,"w":0.9987506866455078},"size":3.1406543254852297,"orthographic":false}