{"cameraMode":{"drawMode":0,"name":"Shaded","section":"Shading Mode"},"sceneLighting":false,"audioPlay":false,"sceneViewState":{"m_AlwaysRefresh":false,"showFog":true,"showSkybox":false,"showFlares":true,"showImageEffects":true,"showParticleSystems":true,"showVisualEffectGraphs":true,"m_FxEnabled":true},"in2DMode":false,"pivot":{"x":-2.3265066146850588,"y":-19.12537956237793,"z":57.36498260498047},"rotation":{"x":0.13455915451049806,"y":-0.020808052271604539,"z":0.0028249581810086967,"w":0.9906792044639587},"size":39.4537239074707,"orthographic":false}