{"cameraMode":{"drawMode":0,"name":"Shaded","section":"Shading Mode"},"sceneLighting":false,"audioPlay":false,"sceneViewState":{"m_AlwaysRefresh":false,"showFog":true,"showSkybox":false,"showFlares":true,"showImageEffects":true,"showParticleSystems":true,"showVisualEffectGraphs":true,"m_FxEnabled":true},"in2DMode":false,"pivot":{"x":-0.0045441389083862309,"y":0.29206621646881106,"z":-0.0837486982345581},"rotation":{"x":0.1672104001045227,"y":0.0014790541026741267,"z":-0.00025106314569711685,"w":0.985923171043396},"size":2.1841378211975099,"orthographic":true}