{"cameraMode":{"drawMode":0,"name":"Shaded","section":"Shading Mode"},"sceneLighting":false,"audioPlay":false,"sceneViewState":{"m_AlwaysRefresh":false,"showFog":true,"showSkybox":true,"showFlares":true,"showImageEffects":true,"showParticleSystems":true,"showVisualEffectGraphs":true,"m_FxEnabled":true},"in2DMode":false,"pivot":{"x":-0.5945449471473694,"y":0.4038206934928894,"z":-4.2808332443237309},"rotation":{"x":0.10180390626192093,"y":0.019397567957639695,"z":-0.001985421869903803,"w":0.9946122169494629},"size":0.661585807800293,"orthographic":false}