{"cameraMode":{"drawMode":0,"name":"Shaded","section":"Shading Mode"},"sceneLighting":false,"audioPlay":false,"sceneViewState":{"m_AlwaysRefresh":false,"showFog":true,"showSkybox":true,"showFlares":true,"showImageEffects":true,"showParticleSystems":true,"showVisualEffectGraphs":true,"m_FxEnabled":true},"in2DMode":false,"pivot":{"x":-0.003332376480102539,"y":11.034181594848633,"z":-3.1654043197631838},"rotation":{"x":0.0569644495844841,"y":-0.011980132199823857,"z":0.0006838046247139573,"w":0.9983072876930237},"size":18.825815200805665,"orthographic":true}