{"cameraMode":{"drawMode":0,"name":"Shaded","section":"Shading Mode"},"sceneLighting":false,"audioPlay":false,"sceneViewState":{"m_AlwaysRefresh":false,"showFog":true,"showSkybox":true,"showFlares":true,"showImageEffects":true,"showParticleSystems":true,"showVisualEffectGraphs":true,"m_FxEnabled":true},"in2DMode":false,"pivot":{"x":-74.98316955566406,"y":825.772216796875,"z":55.3758544921875},"rotation":{"x":0.01499736774712801,"y":0.016497362405061723,"z":-0.0002474721986800432,"w":0.9997501969337463},"size":1762.2105712890625,"orthographic":false}