{"cameraMode":{"drawMode":0,"name":"Shaded","section":"Shading Mode"},"sceneLighting":false,"audioPlay":false,"sceneViewState":{"m_AlwaysRefresh":false,"showFog":true,"showSkybox":true,"showFlares":true,"showImageEffects":true,"showParticleSystems":true,"showVisualEffectGraphs":true,"m_FxEnabled":true},"in2DMode":false,"pivot":{"x":554.4065551757813,"y":985.4271240234375,"z":63.256431579589847},"rotation":{"x":0.01499736774712801,"y":0.016497362405061723,"z":-0.0002474721986800432,"w":0.9997501969337463},"size":789.96923828125,"orthographic":false}