{"cameraMode":{"drawMode":0,"name":"Shaded","section":"Shading Mode"},"sceneLighting":false,"audioPlay":false,"sceneViewState":{"m_AlwaysRefresh":false,"showFog":true,"showSkybox":true,"showFlares":true,"showImageEffects":true,"showParticleSystems":true,"showVisualEffectGraphs":true,"m_FxEnabled":true},"in2DMode":false,"pivot":{"x":0.10640543699264527,"y":8.328451156616211,"z":-19.937236785888673},"rotation":{"x":0.2449580579996109,"y":0.013088258914649487,"z":-0.003307326463982463,"w":0.9694387316703796},"size":0.6318144202232361,"orthographic":false}