{"cameraMode":{"drawMode":0,"name":"Shaded","section":"Shading Mode"},"sceneLighting":false,"audioPlay":false,"sceneViewState":{"m_AlwaysRefresh":false,"showFog":true,"showSkybox":true,"showFlares":true,"showImageEffects":true,"showParticleSystems":true,"showVisualEffectGraphs":true,"m_FxEnabled":true},"in2DMode":false,"pivot":{"x":474.4842224121094,"y":1023.5956420898438,"z":163.75634765625},"rotation":{"x":0.11374476552009583,"y":-0.011921791359782219,"z":0.0013649269239977003,"w":0.9934384226799011},"size":763.2156982421875,"orthographic":true}