{"cameraMode":{"drawMode":0,"name":"Shaded","section":"Shading Mode"},"sceneLighting":false,"audioPlay":false,"sceneViewState":{"m_AlwaysRefresh":false,"showFog":true,"showSkybox":true,"showFlares":true,"showImageEffects":true,"showParticleSystems":true,"showVisualEffectGraphs":true,"m_FxEnabled":true},"in2DMode":false,"pivot":{"x":2.984682559967041,"y":1.738525629043579,"z":11.66429615020752},"rotation":{"x":0.00804093573242426,"y":0.9854440689086914,"z":-0.16257409751415254,"w":0.04880361258983612},"size":0.023837968707084657,"orthographic":false}