{"cameraMode":{"drawMode":0,"name":"Shaded","section":"Shading Mode"},"sceneLighting":false,"audioPlay":false,"sceneViewState":{"m_AlwaysRefresh":false,"showFog":true,"showSkybox":true,"showFlares":true,"showImageEffects":true,"showParticleSystems":true,"showVisualEffectGraphs":true,"m_FxEnabled":true},"in2DMode":false,"pivot":{"x":-13.805514335632325,"y":10.879573822021485,"z":4.9656219482421879},"rotation":{"x":0.14956910908222199,"y":0.4407888948917389,"z":-0.07475638389587403,"w":0.8819029331207275},"size":24.266313552856447,"orthographic":true}