{"cameraMode":{"drawMode":0,"name":"Shaded","section":"Shading Mode"},"sceneLighting":false,"audioPlay":false,"sceneViewState":{"m_AlwaysRefresh":false,"showFog":true,"showSkybox":true,"showFlares":true,"showImageEffects":true,"showParticleSystems":true,"showVisualEffectGraphs":true,"m_FxEnabled":true},"in2DMode":false,"pivot":{"x":940.1132202148438,"y":132.73123168945313,"z":-8.333311080932618},"rotation":{"x":0.10629740357398987,"y":0.004474623128771782,"z":-0.0004784887714777142,"w":0.9943276047706604},"size":172.3714599609375,"orthographic":true}