{"cameraMode":{"drawMode":0,"name":"Shaded","section":"Shading Mode"},"sceneLighting":false,"audioPlay":false,"sceneViewState":{"m_AlwaysRefresh":false,"showFog":true,"showSkybox":true,"showFlares":true,"showImageEffects":true,"showParticleSystems":true,"showVisualEffectGraphs":true,"m_FxEnabled":true},"in2DMode":false,"pivot":{"x":-3.692084312438965,"y":45.17546844482422,"z":-190.29786682128907},"rotation":{"x":0.10629740357398987,"y":0.004474623128771782,"z":-0.0004784887714777142,"w":0.9943276047706604},"size":22.482027053833009,"orthographic":true}