{"cameraMode":{"drawMode":0,"name":"Shaded","section":"Shading Mode"},"sceneLighting":false,"audioPlay":false,"sceneViewState":{"m_AlwaysRefresh":false,"showFog":true,"showSkybox":true,"showFlares":true,"showImageEffects":true,"showParticleSystems":true,"showVisualEffectGraphs":true,"m_FxEnabled":true},"in2DMode":false,"pivot":{"x":-4.9244537353515629,"y":21.520376205444337,"z":-27.925472259521486},"rotation":{"x":0.007424992974847555,"y":0.9910587072372437,"z":0.06252019107341767,"w":-0.1176963746547699},"size":24.339113235473634,"orthographic":false}