{"cameraMode":{"drawMode":0,"name":"Shaded","section":"Shading Mode"},"sceneLighting":false,"audioPlay":false,"sceneViewState":{"m_AlwaysRefresh":false,"showFog":true,"showSkybox":true,"showFlares":true,"showImageEffects":true,"showParticleSystems":true,"showVisualEffectGraphs":true,"m_FxEnabled":true},"in2DMode":false,"pivot":{"x":2026.425537109375,"y":576.5206909179688,"z":-195.52914428710938},"rotation":{"x":0.061452750116586688,"y":0.016468171030282975,"z":-0.001013981644064188,"w":0.9979716539382935},"size":1679.696533203125,"orthographic":false}