{"cameraMode":{"drawMode":0,"name":"Shaded","section":"Shading Mode"},"sceneLighting":false,"audioPlay":false,"sceneViewState":{"m_AlwaysRefresh":false,"showFog":true,"showSkybox":true,"showFlares":true,"showImageEffects":true,"showParticleSystems":true,"showVisualEffectGraphs":true,"m_FxEnabled":true},"in2DMode":false,"pivot":{"x":1653.5538330078125,"y":410.86907958984377,"z":-19.39892578125},"rotation":{"x":0.01499736774712801,"y":0.016497362405061723,"z":-0.0002474721986800432,"w":0.9997501969337463},"size":686.2723388671875,"orthographic":false}