{"cameraMode":{"drawMode":0,"name":"Shaded","section":"Shading Mode"},"sceneLighting":false,"audioPlay":false,"sceneViewState":{"m_AlwaysRefresh":false,"showFog":true,"showSkybox":false,"showFlares":true,"showImageEffects":true,"showParticleSystems":true,"showVisualEffectGraphs":true,"m_FxEnabled":true},"in2DMode":false,"pivot":{"x":-0.003786802291870117,"y":0.23792731761932374,"z":-0.10198888182640076},"rotation":{"x":0.007424992974847555,"y":0.9910587072372437,"z":0.06252019107341767,"w":-0.1176963746547699},"size":1.889831304550171,"orthographic":false}